﻿<?xml version="1.0" encoding="utf-8"?>
<Assemblies Version="1073741836">
  <Assembly Name="System.Core, Version=3.5.0.0, Culture=neutral, PublicKeyToken=b77a5c561934e089" Image="d988cc66-b05e-4aae-ac21-dbe59b67f230" Timestamp="633529680480000000" XmlDocIndexTimestamp="633490003300000000" />
  <Assembly Name="System.Data.DataSetExtensions, Version=3.5.0.0, Culture=neutral, PublicKeyToken=b77a5c561934e089" Image="5b097cbf-47dc-4647-985f-ca669bf65200" Timestamp="633529680480000000" XmlDocIndexTimestamp="633490003300000000" />
  <Assembly Name="System.Xml.Linq, Version=3.5.0.0, Culture=neutral, PublicKeyToken=b77a5c561934e089" Image="cd792446-b44a-4f4b-b4df-238d946b287c" Timestamp="633529680480000000" XmlDocIndexTimestamp="633490003300000000" />
  <Assembly Name="System.Web.Extensions, Version=3.5.0.0, Culture=neutral, PublicKeyToken=31bf3856ad364e35" Image="b62761c0-9dc6-49e5-a4af-5ee24bc754c3" Timestamp="633529680480000000" XmlDocIndexTimestamp="633492607960000000" />
  <Assembly Name="JetBrains.Annotations, Version=4.1.933.3, Culture=neutral, PublicKeyToken=1010a0d8d6380325" Image="6fecb846-e49f-4d4f-80cf-0c346c0771da" Timestamp="633559706920000000" XmlDocIndexTimestamp="633559706920000000" />
  <Assembly Name="System.Web.Abstractions, Version=3.5.0.0, Culture=neutral, PublicKeyToken=31bf3856ad364e35" Image="29d46eb3-3ded-4732-8a16-ddc7001be0c5" Timestamp="633554467540000000" />
  <Assembly Name="System.Web.Mvc, Version=1.0.0.0, Culture=neutral, PublicKeyToken=31bf3856ad364e35" Image="eac37e2f-ccb4-43f0-b88b-323dd1ab14a4" Timestamp="633554467520000000" />
  <Assembly Name="System.Web.Routing, Version=3.5.0.0, Culture=neutral, PublicKeyToken=31bf3856ad364e35" Image="8474b6a0-ec52-4382-bd2a-57ba3c5a3275" Timestamp="633554467540000000" />
  <Assembly Name="Microsoft.Web.Mvc, Version=1.0.0.0, Culture=neutral, PublicKeyToken=null" Image="f09e9b24-4365-435b-b3c2-e3beb11ec217" Timestamp="633554466340000000" />
</Assemblies>